theta0,theta1
0.9390609398127643,-1.0028947752397062
